Year,Region,Indicator,Co-Edue Basic Education,Co-Edue General Education,Female Basic Education,Female General Education,Male Basic Education,Male General Education,Total Basic Education,Total General Education,Co-Edue Total,Female Total,Male Total
2002,Muscat,No. of Classes,,21,,1167,,1186,610,2374,,,
2003,Muscat,No. of Classes,,18,,1104,,1117,798,2239,,,
2004,Muscat,No. of Classes,,21,,1008,,1039,994,2068,,,
2005,Muscat,No. of Classes,,24,,914,,942,1267,1880,,,
2006,Muscat,No. of Classes,790,7,342,821,349,853,1481,1681,,,
2007,Muscat,No. of Classes,820,4,422,716,427,735,1669,1455,,,
2008,Muscat,No. of Classes,815,46,490,598,488,609,1793,1253,,,
2009,Muscat,No. of Classes,813,45,539,535,533,544,1885,1124,,,
2010,Muscat,No. of Classes,817,39,569,488,572,490,1958,1017,,,
2011,Muscat,No. of Classes,864,76,613,410,595,416,2072,902,,,
2012,Muscat,No. of Classes,937,17,652,369,629,351,2218,737,,,
2013,Muscat,No. of Classes,1001,4,675,339,645,310,2321,653,,,
2014,Muscat,No. of Classes,1044,,704,313,682,298,2430,611,,,
2015,Muscat,No. of Classes,1110,,765,297,724,272,2599,569,,,
2002,Dhofar,No. of Classes,,359,,588,,629,332,1576,,,
2003,Dhofar,No. of Classes,,379,,568,,617,456,1564,,,
2004,Dhofar,No. of Classes,,373,,535,,577,557,1485,,,
2005,Dhofar,No. of Classes,,383,,481,,520,673,1384,,,
2006,Dhofar,No. of Classes,452,383,177,394,168,449,797,1226,,,
2007,Dhofar,No. of Classes,477,357,211,352,200,385,888,1094,,,
2008,Dhofar,No. of Classes,537,280,251,311,236,324,1024,915,,,
2009,Dhofar,No. of Classes,572,239,293,299,278,301,1143,839,,,
2010,Dhofar,No. of Classes,592,212,328,250,295,258,1215,720,,,
2011,Dhofar,No. of Classes,614,209,361,246,321,251,1296,706,,,
2012,Dhofar,No. of Classes,671,131,370,216,341,211,1382,558,,,
2013,Dhofar,No. of Classes,710,101,388,191,353,196,1451,488,,,
2014,Dhofar,No. of Classes,786,75,390,177,357,184,1533,436,,,
2015,Dhofar,No. of Classes,876,76,388,171,340,157,1604,404,,,
2002,Musandam,No. of Classes,,23,,67,,67,73,157,,,
2003,Musandam,No. of Classes,,26,,59,,57,88,142,,,
2004,Musandam,No. of Classes,,17,,63,,60,103,140,,,
2005,Musandam,No. of Classes,,14,,51,,52,120,117,,,
2006,Musandam,No. of Classes,58,15,35,43,41,41,134,99,,,
2007,Musandam,No. of Classes,57,5,39,41,46,43,142,89,,,
2008,Musandam,No. of Classes,58,4,43,36,50,34,151,74,,,
2009,Musandam,No. of Classes,55,4,45,35,52,31,152,70,,,
2010,Musandam,No. of Classes,60,4,48,31,51,28,159,63,,,
2011,Musandam,No. of Classes,61,4,50,29,51,28,162,61,,,
2012,Musandam,No. of Classes,62,4,52,26,55,26,169,56,,,
2013,Musandam,No. of Classes,65,4,48,26,52,27,165,57,,,
2014,Musandam,No. of Classes,67,5,49,23,51,27,167,55,,,
2015,Musandam,No. of Classes,72,,47,25,50,27,169,52,,,
2002,Al Buraymi,No. of Classes,,,,,,,,,,,
2003,Al Buraymi,No. of Classes,,,,,,,,,,,
2004,Al Buraymi,No. of Classes,,,,,,,,,,,
2005,Al Buraymi,No. of Classes,,,,,,,,,,,
2006,Al Buraymi,No. of Classes,129,33,64,73,73,70,266,176,,,
2007,Al Buraymi,No. of Classes,131,23,80,66,86,64,297,153,,,
2008,Al Buraymi,No. of Classes,137,30,88,51,94,52,319,133,,,
2009,Al Buraymi,No. of Classes,139,27,98,42,100,42,337,111,,,
2010,Al Buraymi,No. of Classes,134,25,103,37,105,43,342,105,,,
2011,Al Buraymi,No. of Classes,145,23,94,34,97,43,336,100,,,
2012,Al Buraymi,No. of Classes,149,19,95,37,96,39,340,95,,,
2013,Al Buraymi,No. of Classes,157,15,97,34,93,37,347,86,,,
2014,Al Buraymi,No. of Classes,161,6,106,38,104,42,371,86,,,
2015,Al Buraymi,No. of Classes,171,10,116,38,115,38,402,86,,,
2002,Ad Dakhliyah,No. of Classes,,90,,923,,988,568,2001,,,
2003,Ad Dakhliyah,No. of Classes,,99,,880,,933,727,1912,,,
2004,Ad Dakhliyah,No. of Classes,,93,,817,,861,901,1771,,,
2005,Ad Dakhliyah,No. of Classes,,78,,738,,780,1101,1596,,,
2006,Ad Dakhliyah,No. of Classes,729,66,285,669,310,706,1324,1441,,,
2007,Ad Dakhliyah,No. of Classes,766,68,353,594,375,628,1494,1290,,,
2008,Ad Dakhliyah,No. of Classes,823,53,410,532,436,547,1669,1132,,,
2009,Ad Dakhliyah,No. of Classes,827,48,485,450,485,460,1797,958,,,
2010,Ad Dakhliyah,No. of Classes,902,54,509,408,532,414,1943,876,,,
2011,Ad Dakhliyah,No. of Classes,972,41,536,375,553,381,2061,797,,,
2012,Ad Dakhliyah,No. of Classes,1010,29,575,316,588,313,2173,658,,,
2013,Ad Dakhliyah,No. of Classes,1032,21,598,283,607,284,2237,588,,,
2014,Ad Dakhliyah,No. of Classes,1052,17,629,248,633,260,2314,525,,,
2015,Ad Dakhliyah,No. of Classes,1121,13,667,231,676,245,2464,489,,,
2002,Al Batinah North,No. of Classes,,,,,,,,,,,
2003,Al Batinah North,No. of Classes,,,,,,,,,,,
2004,Al Batinah North,No. of Classes,,,,,,,,,,,
2005,Al Batinah North,No. of Classes,,,,,,,,,,,
2006,Al Batinah North,No. of Classes,,,,,,,,,,,
2007,Al Batinah North,No. of Classes,,,,,,,,,,,
2008,Al Batinah North,No. of Classes,,,,,,,,,,,
2009,Al Batinah North,No. of Classes,,,,,,,,,,,
2010,Al Batinah North,No. of Classes,,,,,,,,,,,
2011,Al Batinah North,No. of Classes,1172,36,644,525,642,574,2458,1135,,,
2012,Al Batinah North,No. of Classes,1210,17,692,464,687,474,2589,955,,,
2013,Al Batinah North,No. of Classes,1268,14,744,397,735,403,2747,814,,,
2014,Al Batinah North,No. of Classes,1321,11,790,340,785,343,2896,694,,,
2015,Al Batinah North,No. of Classes,1445,14,820,306,841,318,3106,638,,,
2002,Al Batinah South,No. of Classes,,,,,,,,,,,
2003,Al Batinah South,No. of Classes,,,,,,,,,,,
2004,Al Batinah South,No. of Classes,,,,,,,,,,,
2005,Al Batinah South,No. of Classes,,,,,,,,,,,
2006,Al Batinah South,No. of Classes,,,,,,,,,,,
2007,Al Batinah South,No. of Classes,,,,,,,,,,,
2008,Al Batinah South,No. of Classes,,,,,,,,,,,
2009,Al Batinah South,No. of Classes,,,,,,,,,,,
2010,Al Batinah South,No. of Classes,,,,,,,,,,,
2011,Al Batinah South,No. of Classes,745,95,478,338,490,340,1713,773,,,
2012,Al Batinah South,No. of Classes,754,55,510,310,521,304,1785,669,,,
2013,Al Batinah South,No. of Classes,822,18,528,272,534,257,1884,547,,,
2014,Al Batinah South,No. of Classes,854,5,569,225,583,209,2006,439,,,
2015,Al Batinah South,No. of Classes,912,6,588,210,593,198,2093,414,,,
2002,Ash Sharqiyah South,No. of Classes,,,,,,,,,,,
2003,Ash Sharqiyah South,No. of Classes,,,,,,,,,,,
2004,Ash Sharqiyah South,No. of Classes,,,,,,,,,,,
2005,Ash Sharqiyah South,No. of Classes,,,,,,,,,,,
2006,Ash Sharqiyah South,No. of Classes,,,,,,,,,,,
2007,Ash Sharqiyah South,No. of Classes,,,,,,,,,,,
2008,Ash Sharqiyah South,No. of Classes,,,,,,,,,,,
2009,Ash Sharqiyah South,No. of Classes,,,,,,,,,,,
2010,Ash Sharqiyah South,No. of Classes,,,,,,,,,,,
2011,Ash Sharqiyah South,No. of Classes,540,39,341,213,331,209,1212,461,,,
2012,Ash Sharqiyah South,No. of Classes,541,25,364,177,352,181,1257,383,,,
2013,Ash Sharqiyah South,No. of Classes,570,24,378,171,358,177,1306,372,,,
2014,Ash Sharqiyah South,No. of Classes,620,8,381,155,362,156,1363,319,,,
2015,Ash Sharqiyah South,No. of Classes,563,,341,171,350,174,1254,345,,,
2002,Ash Sharqiyah North,No. of Classes,,,,,,,,,,,
2003,Ash Sharqiyah North,No. of Classes,,,,,,,,,,,
2004,Ash Sharqiyah North,No. of Classes,,,,,,,,,,,
2005,Ash Sharqiyah North,No. of Classes,,,,,,,,,,,
2006,Ash Sharqiyah North,No. of Classes,,,,,,,,,,,
2007,Ash Sharqiyah North,No. of Classes,,,,,,,,,,,
2008,Ash Sharqiyah North,No. of Classes,,,,,,,,,,,
2009,Ash Sharqiyah North,No. of Classes,,,,,,,,,,,
2010,Ash Sharqiyah North,No. of Classes,,,,,,,,,,,
2011,Ash Sharqiyah North,No. of Classes,420,78,269,249,271,262,960,589,,,
2012,Ash Sharqiyah North,No. of Classes,466,50,284,216,289,216,1039,482,,,
2013,Ash Sharqiyah North,No. of Classes,493,33,296,202,303,209,1092,444,,,
2014,Ash Sharqiyah North,No. of Classes,541,1,312,189,317,197,1170,387,,,
2015,Ash Sharqiyah North,No. of Classes,651,10,401,144,381,154,1433,308,,,
2002,Adh Dhahirah,No. of Classes,,98,,599,,634,370,1331,,,
2003,Adh Dhahirah,No. of Classes,,97,,567,,614,482,1278,,,
2004,Adh Dhahirah,No. of Classes,,88,,515,,556,605,1159,,,
2005,Adh Dhahirah,No. of Classes,,76,,465,,511,728,1052,,,
2006,Adh Dhahirah,No. of Classes,335,28,132,348,128,389,595,765,,,
2007,Adh Dhahirah,No. of Classes,344,39,162,298,160,332,666,669,,,
2008,Adh Dhahirah,No. of Classes,728,42,182,256,178,282,1088,580,,,
2009,Adh Dhahirah,No. of Classes,376,46,192,225,199,250,767,521,,,
2010,Adh Dhahirah,No. of Classes,406,37,208,209,215,218,829,464,,,
2011,Adh Dhahirah,No. of Classes,438,13,230,186,232,190,900,389,,,
2012,Adh Dhahirah,No. of Classes,436,11,254,170,257,168,947,349,,,
2013,Adh Dhahirah,No. of Classes,456,7,272,148,270,148,998,303,,,
2014,Adh Dhahirah,No. of Classes,476,7,281,130,285,135,1042,272,,,
2015,Adh Dhahirah,No. of Classes,489,7,295,114,300,123,1084,244,,,
2002,Al Wusta,No. of Classes,,132,,29,,46,26,207,,,
2003,Al Wusta,No. of Classes,,125,,43,,58,38,226,,,
2004,Al Wusta,No. of Classes,,129,,35,,54,54,218,,,
2005,Al Wusta,No. of Classes,,119,,38,,48,79,205,,,
2006,Al Wusta,No. of Classes,103,112,6,31,1,44,110,187,,,
2007,Al Wusta,No. of Classes,130,95,7,30,3,40,140,165,,,
2008,Al Wusta,No. of Classes,137,86,9,32,8,38,154,156,,,
2009,Al Wusta,No. of Classes,145,63,16,28,15,34,176,125,,,
2010,Al Wusta,No. of Classes,157,56,23,26,21,29,201,111,,,
2011,Al Wusta,No. of Classes,165,43,36,19,33,27,234,89,,,
2012,Al Wusta,No. of Classes,175,36,41,16,40,19,256,71,,,
2013,Al Wusta,No. of Classes,180,31,42,18,43,21,265,70,,,
2014,Al Wusta,No. of Classes,177,25,48,16,49,19,274,60,,,
2015,Al Wusta,No. of Classes,184,31,50,12,50,14,284,57,,,
2002,Muscat,No. of Schools,,,,,,,41,98,24,58,57
2003,Muscat,No. of Schools,,,,,,,51,88,29,56,54
2004,Muscat,No. of Schools,,,,,,,61,79,36,51,53
2005,Muscat,No. of Schools,,,,,,,72,70,41,48,53
2006,Muscat,No. of Schools,,,,,,,82,62,44,46,54
2007,Muscat,No. of Schools,,,,,,,88,54,49,40,53
2008,Muscat,No. of Schools,,,,,,,97,46,54,37,52
2009,Muscat,No. of Schools,,,,,,,100,43,57,34,52
2010,Muscat,No. of Schools,,,,,,,100,42,56,35,51
2011,Muscat,No. of Schools,,,,,,,106,35,57,34,50
2012,Muscat,No. of Schools,,,,,,,117,29,62,34,50
2013,Muscat,No. of Schools,,,,,,,124,4,62,26,40
2014,Muscat,No. of Schools,,,,,,,133,1,64,28,42
2015,Muscat,No. of Schools,,,,,,,132,12,67,32,45
2002,Dhofar,No. of Schools,,,,,,,28,123,68,40,43
2003,Dhofar,No. of Schools,,,,,,,36,118,72,40,42
2004,Dhofar,No. of Schools,,,,,,,45,111,78,37,41
2005,Dhofar,No. of Schools,,,,,,,57,100,81,35,41
2006,Dhofar,No. of Schools,,,,,,,70,84,90,22,42
2007,Dhofar,No. of Schools,,,,,,,80,75,94,19,42
2008,Dhofar,No. of Schools,,,,,,,110,41,91,18,42
2009,Dhofar,No. of Schools,,,,,,,124,25,91,17,41
2010,Dhofar,No. of Schools,,,,,,,128,21,90,17,42
2011,Dhofar,No. of Schools,,,,,,,129,21,90,17,43
2012,Dhofar,No. of Schools,,,,,,,129,21,90,17,43
2013,Dhofar,No. of Schools,,,,,,,135,9,89,16,39
2014,Dhofar,No. of Schools,,,,,,,143,4,89,17,41
2015,Dhofar,No. of Schools,,,,,,,145,5,92,16,42
2002,Musandam,No. of Schools,,,,,,,8,7,7,4,4
2003,Musandam,No. of Schools,,,,,,,13,2,8,3,4
2004,Musandam,No. of Schools,,,,,,,13,4,9,3,5
2005,Musandam,No. of Schools,,,,,,,14,4,9,3,6
2006,Musandam,No. of Schools,,,,,,,13,4,8,3,6
2007,Musandam,No. of Schools,,,,,,,14,3,7,3,7
2008,Musandam,No. of Schools,,,,,,,14,3,7,3,7
2009,Musandam,No. of Schools,,,,,,,14,3,6,4,7
2010,Musandam,No. of Schools,,,,,,,14,3,7,3,7
2011,Musandam,No. of Schools,,,,,,,14,3,7,3,7
2012,Musandam,No. of Schools,,,,,,,14,3,7,3,7
2013,Musandam,No. of Schools,,,,,,,14,2,7,3,6
2014,Musandam,No. of Schools,,,,,,,14,2,7,3,6
2015,Musandam,No. of Schools,,,,,,,16,,8,2,6
2002,Al Buraymi,No. of Schools,,,,,,,,,,,
2003,Al Buraymi,No. of Schools,,,,,,,,,,,
2004,Al Buraymi,No. of Schools,,,,,,,,,,,
2005,Al Buraymi,No. of Schools,,,,,,,,,,,
2006,Al Buraymi,No. of Schools,,,,,,,21,5,15,5,6
2007,Al Buraymi,No. of Schools,,,,,,,22,4,14,5,7
2008,Al Buraymi,No. of Schools,,,,,,,22,4,15,5,6
2009,Al Buraymi,No. of Schools,,,,,,,23,3,15,5,6
2010,Al Buraymi,No. of Schools,,,,,,,24,3,16,5,6
2011,Al Buraymi,No. of Schools,,,,,,,25,2,16,5,6
2012,Al Buraymi,No. of Schools,,,,,,,25,2,16,5,6
2013,Al Buraymi,No. of Schools,,,,,,,25,,16,4,5
2014,Al Buraymi,No. of Schools,,,,,,,25,,16,4,5
2015,Al Buraymi,No. of Schools,,,,,,,25,,16,4,5
2002,Ad Dakhliyah,No. of Schools,,,,,,,41,91,34,48,50
2003,Ad Dakhliyah,No. of Schools,,,,,,,49,83,39,45,48
2004,Ad Dakhliyah,No. of Schools,,,,,,,59,77,43,45,48
2005,Ad Dakhliyah,No. of Schools,,,,,,,73,64,46,44,47
2006,Ad Dakhliyah,No. of Schools,,,,,,,81,56,49,41,47
2007,Ad Dakhliyah,No. of Schools,,,,,,,93,45,55,36,47
2008,Ad Dakhliyah,No. of Schools,,,,,,,106,33,56,36,47
2009,Ad Dakhliyah,No. of Schools,,,,,,,111,28,58,35,46
2010,Ad Dakhliyah,No. of Schools,,,,,,,112,27,59,34,46
2011,Ad Dakhliyah,No. of Schools,,,,,,,116,23,60,33,46
2012,Ad Dakhliyah,No. of Schools,,,,,,,119,20,63,30,46
2013,Ad Dakhliyah,No. of Schools,,,,,,,122,4,63,23,40
2014,Ad Dakhliyah,No. of Schools,,,,,,,125,2,64,23,40
2015,Ad Dakhliyah,No. of Schools,,,,,,,126,9,67,27,41
2002,Al Batinah North,No. of Schools,,,,,,,,,,,
2003,Al Batinah North,No. of Schools,,,,,,,,,,,
2004,Al Batinah North,No. of Schools,,,,,,,,,,,
2005,Al Batinah North,No. of Schools,,,,,,,,,,,
2006,Al Batinah North,No. of Schools,,,,,,,,,,,
2007,Al Batinah North,No. of Schools,,,,,,,,,,,
2008,Al Batinah North,No. of Schools,,,,,,,,,,,
2009,Al Batinah North,No. of Schools,,,,,,,,,,,
2010,Al Batinah North,No. of Schools,,,,,,,,,,,
2011,Al Batinah North,No. of Schools,,,,,,,141,34,77,38,60
2012,Al Batinah North,No. of Schools,,,,,,,151,24,77,38,60
2013,Al Batinah North,No. of Schools,,,,,,,152,1,77,28,48
2014,Al Batinah North,No. of Schools,,,,,,,156,,77,29,50
2015,Al Batinah North,No. of Schools,,,,,,,153,19,80,34,58
2002,Al Batinah South,No. of Schools,,,,,,,,,,,
2003,Al Batinah South,No. of Schools,,,,,,,,,,,
2004,Al Batinah South,No. of Schools,,,,,,,,,,,
2005,Al Batinah South,No. of Schools,,,,,,,,,,,
2006,Al Batinah South,No. of Schools,,,,,,,,,,,
2007,Al Batinah South,No. of Schools,,,,,,,,,,,
2008,Al Batinah South,No. of Schools,,,,,,,,,,,
2009,Al Batinah South,No. of Schools,,,,,,,,,,,
2010,Al Batinah South,No. of Schools,,,,,,,,,,,
2011,Al Batinah South,No. of Schools,,,,,,,100,16,55,22,39
2012,Al Batinah South,No. of Schools,,,,,,,103,13,55,22,39
2013,Al Batinah South,No. of Schools,,,,,,,109,,56,18,35
2014,Al Batinah South,No. of Schools,,,,,,,111,,56,20,35
2015,Al Batinah South,No. of Schools,,,,,,,108,5,58,19,36
2002,Ash Sharqiyah South,No. of Schools,,,,,,,,,,,
2003,Ash Sharqiyah South,No. of Schools,,,,,,,,,,,
2004,Ash Sharqiyah South,No. of Schools,,,,,,,,,,,
2005,Ash Sharqiyah South,No. of Schools,,,,,,,,,,,
2006,Ash Sharqiyah South,No. of Schools,,,,,,,,,,,
2007,Ash Sharqiyah South,No. of Schools,,,,,,,,,,,
2008,Ash Sharqiyah South,No. of Schools,,,,,,,,,,,
2009,Ash Sharqiyah South,No. of Schools,,,,,,,,,,,
2010,Ash Sharqiyah South,No. of Schools,,,,,,,,,,,
2011,Ash Sharqiyah South,No. of Schools,,,,,,,74,13,42,13,32
2012,Ash Sharqiyah South,No. of Schools,,,,,,,75,12,41,14,32
2013,Ash Sharqiyah South,No. of Schools,,,,,,,75,6,42,11,28
2014,Ash Sharqiyah South,No. of Schools,,,,,,,80,3,43,12,28
2015,Ash Sharqiyah South,No. of Schools,,,,,,,82,3,43,13,29
2002,Ash Sharqiyah North,No. of Schools,,,,,,,,,,,
2003,Ash Sharqiyah North,No. of Schools,,,,,,,,,,,
2004,Ash Sharqiyah North,No. of Schools,,,,,,,,,,,
2005,Ash Sharqiyah North,No. of Schools,,,,,,,,,,,
2006,Ash Sharqiyah North,No. of Schools,,,,,,,,,,,
2007,Ash Sharqiyah North,No. of Schools,,,,,,,,,,,
2008,Ash Sharqiyah North,No. of Schools,,,,,,,,,,,
2009,Ash Sharqiyah North,No. of Schools,,,,,,,,,,,
2010,Ash Sharqiyah North,No. of Schools,,,,,,,,,,,
2011,Ash Sharqiyah North,No. of Schools,,,,,,,58,26,36,16,32
2012,Ash Sharqiyah North,No. of Schools,,,,,,,63,21,37,15,32
2013,Ash Sharqiyah North,No. of Schools,,,,,,,67,13,36,13,31
2014,Ash Sharqiyah North,No. of Schools,,,,,,,77,7,36,17,31
2015,Ash Sharqiyah North,No. of Schools,,,,,,,81,4,38,16,31
2002,Adh Dhahirah,No. of Schools,,,,,,,33,79,29,41,42
2003,Adh Dhahirah,No. of Schools,,,,,,,39,72,32,39,40
2004,Adh Dhahirah,No. of Schools,,,,,,,50,59,36,35,38
2005,Adh Dhahirah,No. of Schools,,,,,,,60,50,41,31,38
2006,Adh Dhahirah,No. of Schools,,,,,,,48,36,28,24,32
2007,Adh Dhahirah,No. of Schools,,,,,,,52,31,33,18,32
2008,Adh Dhahirah,No. of Schools,,,,,,,58,25,37,14,32
2009,Adh Dhahirah,No. of Schools,,,,,,,60,21,37,14,30
2010,Adh Dhahirah,No. of Schools,,,,,,,64,17,38,13,30
2011,Adh Dhahirah,No. of Schools,,,,,,,70,11,38,13,30
2012,Adh Dhahirah,No. of Schools,,,,,,,72,7,38,13,28
2013,Adh Dhahirah,No. of Schools,,,,,,,74,,39,11,24
2014,Adh Dhahirah,No. of Schools,,,,,,,75,,39,11,25
2015,Adh Dhahirah,No. of Schools,,,,,,,74,3,40,11,26
2002,Al Wusta,No. of Schools,,,,,,,5,15,16,2,2
2003,Al Wusta,No. of Schools,,,,,,,7,14,17,1,3
2004,Al Wusta,No. of Schools,,,,,,,9,12,18,,3
2005,Al Wusta,No. of Schools,,,,,,,12,10,19,,3
2006,Al Wusta,No. of Schools,,,,,,,15,7,19,,3
2007,Al Wusta,No. of Schools,,,,,,,18,4,19,,3
2008,Al Wusta,No. of Schools,,,,,,,20,3,20,,3
2009,Al Wusta,No. of Schools,,,,,,,20,3,20,,3
2010,Al Wusta,No. of Schools,,,,,,,22,1,20,,3
2011,Al Wusta,No. of Schools,,,,,,,22,1,20,,3
2012,Al Wusta,No. of Schools,,,,,,,23,,20,,3
2013,Al Wusta,No. of Schools,,,,,,,23,,20,,3
2014,Al Wusta,No. of Schools,,,,,,,23,,20,,3
2015,Al Wusta,No. of Schools,,,,,,,23,,21,,2
2002,Muscat,No. of Students,,,8769,40325,8992,41338,17761,81663,,49094,50330
2003,Muscat,No. of Students,,,11318,37322,11724,38381,23042,75703,,48640,50105
2004,Muscat,No. of Students,,,14511,34051,14745,35432,29256,69483,,48562,50177
2005,Muscat,No. of Students,,,18686,29932,18814,31019,37500,60951,,48618,49833
2006,Muscat,No. of Students,,,21878,26500,22033,27371,43911,53871,,48378,49404
2007,Muscat,No. of Students,,,24718,22195,24793,23196,49511,45391,,46913,47989
2008,Muscat,No. of Students,,,26773,18807,26513,19229,53286,38036,,45580,45742
2009,Muscat,No. of Students,,,28045,16014,27954,16428,55999,32442,,44059,44382
2010,Muscat,No. of Students,,,29391,14449,29651,14528,59042,28977,,43840,44179
2011,Muscat,No. of Students,,,31574,12578,31010,12731,62584,25309,,44152,43741
2012,Muscat,No. of Students,,,33807,10668,33049,10471,66856,21139,,44475,43520
2013,Muscat,No. of Students,,,35644,9587,34305,9337,69949,18924,,45231,43642
2014,Muscat,No. of Students,,,37325,8786,35660,8554,72985,17340,,46111,44214
2015,Muscat,No. of Students,,,39910,8329,37943,8067,77853,16396,,48239,46010
2002,Dhofar,No. of Students,,,4809,18454,4550,19567,9359,38021,,23263,24117
2003,Dhofar,No. of Students,,,6354,16769,6265,18224,12619,34993,,23123,24489
2004,Dhofar,No. of Students,,,7636,15064,7551,16696,15187,31761,,22700,24247
2005,Dhofar,No. of Students,,,9238,13013,9101,14468,18339,27481,,22251,23569
2006,Dhofar,No. of Students,,,11033,10994,10589,12266,21622,23260,,22027,22855
2007,Dhofar,No. of Students,,,11898,9630,11701,10386,23599,20016,,21528,22087
2008,Dhofar,No. of Students,,,13173,7843,12698,8374,25871,16217,,21016,21072
2009,Dhofar,No. of Students,,,13893,6857,13419,7134,27312,13991,,20750,20553
2010,Dhofar,No. of Students,,,14504,6027,13859,6150,28363,12177,,20531,20009
2011,Dhofar,No. of Students,,,15079,5458,14007,5546,29086,11004,,20537,19553
2012,Dhofar,No. of Students,,,15719,4858,14830,4821,30549,9679,,20577,19651
2013,Dhofar,No. of Students,,,16154,4251,15138,4256,31292,8507,,20405,19394
2014,Dhofar,No. of Students,,,16993,3718,15914,3742,32907,7460,,20711,19656
2015,Dhofar,No. of Students,,,17834,3470,16686,3425,34520,6895,,21304,20111
2002,Musandam,No. of Students,,,860,2081,1064,2205,1924,4286,,2941,3269
2003,Musandam,No. of Students,,,1033,1839,1207,1986,2240,3825,,2872,3193
2004,Musandam,No. of Students,,,1180,1632,1393,1775,2573,3407,,2812,3168
2005,Musandam,No. of Students,,,1373,1369,1614,1475,2987,2844,,2742,3089
2006,Musandam,No. of Students,,,1602,1132,1804,1212,3406,2344,,2734,3016
2007,Musandam,No. of Students,,,1652,930,1904,1009,3556,1939,,2582,2913
2008,Musandam,No. of Students,,,1778,722,2027,757,3805,1479,,2500,2784
2009,Musandam,No. of Students,,,1752,675,1960,671,3712,1346,,2427,2631
2010,Musandam,No. of Students,,,1734,591,1930,623,3664,1214,,2325,2553
2011,Musandam,No. of Students,,,1739,523,1888,622,3627,1145,,2262,2510
2012,Musandam,No. of Students,,,1809,473,1951,572,3760,595,,2282,2523
2013,Musandam,No. of Students,,,1794,426,1900,510,3694,936,,2220,2410
2014,Musandam,No. of Students,,,1863,378,1916,497,3779,875,,2241,2413
2015,Musandam,No. of Students,,,1981,345,2123,408,4104,753,,2326,2531
2002,Al Buraymi,No. of Students,,,,,,,,,,,
2003,Al Buraymi,No. of Students,,,,,,,,,,,
2004,Al Buraymi,No. of Students,,,,,,,,,,,
2005,Al Buraymi,No. of Students,,,,,,,,,,,
2006,Al Buraymi,No. of Students,,,3566,2123,3853,2354,7419,4477,,5689,6207
2007,Al Buraymi,No. of Students,,,3978,1808,4205,1946,8183,3754,,5786,6151
2008,Al Buraymi,No. of Students,,,4309,1473,4495,1555,8804,3028,,5782,6050
2009,Al Buraymi,No. of Students,,,4444,1155,4549,1335,8993,2490,,5599,5884
2010,Al Buraymi,No. of Students,,,4332,1136,4472,1254,8804,2390,,5468,5726
2011,Al Buraymi,No. of Students,,,4371,1067,4403,1210,8774,2277,,5438,5613
2012,Al Buraymi,No. of Students,,,4401,1080,4517,1131,8918,2211,,5481,5648
2013,Al Buraymi,No. of Students,,,4480,1026,4610,1066,9090,2092,,5506,5676
2014,Al Buraymi,No. of Students,,,4602,894,4655,908,9257,1802,,5496,5563
2015,Al Buraymi,No. of Students,,,4754,936,4893,906,9647,1842,,5690,5799
2002,Ad Dakhliyah,No. of Students,,,7876,31868,8403,34063,16279,65931,,39744,42466
2003,Ad Dakhliyah,No. of Students,,,10012,29529,10815,31486,20827,61015,,39541,42301
2004,Ad Dakhliyah,No. of Students,,,12346,26841,13344,28585,25690,55426,,39187,41929
2005,Ad Dakhliyah,No. of Students,,,15423,23640,16419,25176,31842,48816,,39063,41595
2006,Ad Dakhliyah,No. of Students,,,18120,20801,19344,22199,37464,43000,,38921,41543
2007,Ad Dakhliyah,No. of Students,,,20816,17806,22171,18916,42987,36722,,38622,41087
2008,Ad Dakhliyah,No. of Students,,,23090,15314,24398,15917,47488,31231,,38404,40315
2009,Ad Dakhliyah,No. of Students,,,25382,12943,26509,13587,51891,26530,,38325,40096
2010,Ad Dakhliyah,No. of Students,,,26609,11697,28222,11790,54831,23487,,38306,40012
2011,Ad Dakhliyah,No. of Students,,,28351,10313,29272,10251,57623,20564,,38664,39523
2012,Ad Dakhliyah,No. of Students,,,30024,8463,31136,7998,61160,16461,,38487,39134
2013,Ad Dakhliyah,No. of Students,,,31109,7497,32406,7584,63515,15081,,38606,39990
2014,Ad Dakhliyah,No. of Students,,,32408,6775,34192,6787,66600,13562,,39183,40979
2015,Ad Dakhliyah,No. of Students,,,34244,6209,36231,6185,70475,12394,,40453,42416
2002,Al Batinah North,No. of Students,,,,,,,,,,,
2003,Al Batinah North,No. of Students,,,,,,,,,,,
2004,Al Batinah North,No. of Students,,,,,,,,,,,
2005,Al Batinah North,No. of Students,,,,,,,,,,,
2006,Al Batinah North,No. of Students,,,,,,,,,,,
2007,Al Batinah North,No. of Students,,,,,,,,,,,
2008,Al Batinah North,No. of Students,,,,,,,,,,,
2009,Al Batinah North,No. of Students,,,,,,,,,,,
2010,Al Batinah North,No. of Students,,,,,,,,,,,
2011,Al Batinah North,No. of Students,,,34504,16523,34970,17130,69474,33653,,51027,52100
2012,Al Batinah North,No. of Students,,,36502,13629,37226,13951,73728,27580,,50131,51177
2013,Al Batinah North,No. of Students,,,38487,11475,39156,12162,77643,23637,,49962,51318
2014,Al Batinah North,No. of Students,,,40969,9456,41882,10228,82851,19684,,50425,52110
2015,Al Batinah North,No. of Students,,,43400,8560,44652,8904,88052,17464,,51960,53556
2002,Al Batinah South,No. of Students,,,,,,,,,,,
2003,Al Batinah South,No. of Students,,,,,,,,,,,
2004,Al Batinah South,No. of Students,,,,,,,,,,,
2005,Al Batinah South,No. of Students,,,,,,,,,,,
2006,Al Batinah South,No. of Students,,,,,,,,,,,
2007,Al Batinah South,No. of Students,,,,,,,,,,,
2008,Al Batinah South,No. of Students,,,,,,,,,,,
2009,Al Batinah South,No. of Students,,,,,,,,,,,
2010,Al Batinah South,No. of Students,,,,,,,,,,,
2011,Al Batinah South,No. of Students,,,23241,10388,24567,10364,47808,20752,,33629,34931
2012,Al Batinah South,No. of Students,,,24296,9121,25576,8907,49872,18028,,33417,34483
2013,Al Batinah South,No. of Students,,,25731,7496,26956,7463,52687,14959,,33227,34419
2014,Al Batinah South,No. of Students,,,27439,6219,28751,5795,56190,12014,,33658,34546
2015,Al Batinah South,No. of Students,,,28744,5773,30117,5300,58861,11073,,34517,35417
2002,Ash Sharqiyah South,No. of Students,,,,,,,,,,,
2003,Ash Sharqiyah South,No. of Students,,,,,,,,,,,
2004,Ash Sharqiyah South,No. of Students,,,,,,,,,,,
2005,Ash Sharqiyah South,No. of Students,,,,,,,,,,,
2006,Ash Sharqiyah South,No. of Students,,,,,,,,,,,
2007,Ash Sharqiyah South,No. of Students,,,,,,,,,,,
2008,Ash Sharqiyah South,No. of Students,,,,,,,,,,,
2009,Ash Sharqiyah South,No. of Students,,,,,,,,,,,
2010,Ash Sharqiyah South,No. of Students,,,,,,,,,,,
2011,Ash Sharqiyah South,No. of Students,,,16612,5157,16514,5294,33126,10451,,21769,21808
2012,Ash Sharqiyah South,No. of Students,,,17540,4527,17466,4514,35006,9041,,22067,21980
2013,Ash Sharqiyah South,No. of Students,,,18098,4263,18002,4432,36100,8695,,22361,22434
2014,Ash Sharqiyah South,No. of Students,,,19052,3742,19033,3809,38085,7551,,22794,22842
2015,Ash Sharqiyah South,No. of Students,,,17038,4304,17819,4413,34857,8717,,21342,22232
2002,Ash Sharqiyah North,No. of Students,,,,,,,,,,,
2003,Ash Sharqiyah North,No. of Students,,,,,,,,,,,
2004,Ash Sharqiyah North,No. of Students,,,,,,,,,,,
2005,Ash Sharqiyah North,No. of Students,,,,,,,,,,,
2006,Ash Sharqiyah North,No. of Students,,,,,,,,,,,
2007,Ash Sharqiyah North,No. of Students,,,,,,,,,,,
2008,Ash Sharqiyah North,No. of Students,,,,,,,,,,,
2009,Ash Sharqiyah North,No. of Students,,,,,,,,,,,
2010,Ash Sharqiyah North,No. of Students,,,,,,,,,,,
2011,Ash Sharqiyah North,No. of Students,,,13093,7185,13539,7687,26632,14872,,20278,21226
2012,Ash Sharqiyah North,No. of Students,,,14156,6239,14593,6489,28749,12728,,20395,21082
2013,Ash Sharqiyah North,No. of Students,,,14870,5695,15538,6078,30408,11773,,20565,21616
2014,Ash Sharqiyah North,No. of Students,,,15879,4891,16591,5126,32470,10017,,20770,21717
2015,Ash Sharqiyah North,No. of Students,,,20030,3593,19936,3733,39966,7326,,23623,23669
2002,Adh Dhahirah,No. of Students,,,5226,18837,5298,20797,10524,39634,,24063,26095
2003,Adh Dhahirah,No. of Students,,,6691,17018,6796,18715,13487,35733,,23709,25511
2004,Adh Dhahirah,No. of Students,,,8155,15216,8414,16713,16569,31929,,23371,25127
2005,Adh Dhahirah,No. of Students,,,9775,13381,10036,14755,19811,28136,,23156,24791
2006,Adh Dhahirah,No. of Students,,,7941,9308,7896,10391,15837,19699,,17249,18287
2007,Adh Dhahirah,No. of Students,,,8863,8144,8907,9006,17770,17150,,17007,17913
2008,Adh Dhahirah,No. of Students,,,9514,7302,9751,7737,19265,15039,,16816,17488
2009,Adh Dhahirah,No. of Students,,,10128,6527,10426,6719,20554,13246,,16655,17145
2010,Adh Dhahirah,No. of Students,,,10806,5592,11110,5661,21916,11253,,16398,16771
2011,Adh Dhahirah,No. of Students,,,11609,4624,11817,4667,23426,9291,,16233,16484
2012,Adh Dhahirah,No. of Students,,,12039,3956,12509,3925,24548,7881,,15995,16434
2013,Adh Dhahirah,No. of Students,,,12407,3466,12880,3434,25287,6900,,15873,16314
2014,Adh Dhahirah,No. of Students,,,12820,3091,13384,2925,26204,6016,,15911,16309
2015,Adh Dhahirah,No. of Students,,,13365,2734,14011,2651,27376,5385,,16099,16662
2002,Al Wusta,No. of Students,,,309,1685,194,2530,503,4215,,1994,2724
2003,Al Wusta,No. of Students,,,414,1752,302,2593,716,4345,,2166,2895
2004,Al Wusta,No. of Students,,,521,1785,422,2569,943,4354,,2306,2991
2005,Al Wusta,No. of Students,,,831,1601,752,2272,1583,3873,,2432,3024
2006,Al Wusta,No. of Students,,,1152,1394,1061,2025,2213,3419,,2546,3086
2007,Al Wusta,No. of Students,,,1329,1184,1300,1784,2629,2968,,2513,3084
2008,Al Wusta,No. of Students,,,1376,1044,1533,1578,2909,2622,,2420,3111
2009,Al Wusta,No. of Students,,,1580,907,1778,1304,3358,2211,,2487,3082
2010,Al Wusta,No. of Students,,,1787,817,1899,1120,3686,1937,,2604,3019
2011,Al Wusta,No. of Students,,,1963,618,2150,844,4113,1462,,2581,2994
2012,Al Wusta,No. of Students,,,2168,521,2383,656,4551,1177,,2689,3039
2013,Al Wusta,No. of Students,,,2307,446,2381,588,4688,1034,,2753,2969
2014,Al Wusta,No. of Students,,,2444,402,2528,499,4972,901,,2846,3027
2015,Al Wusta,No. of Students,,,2528,420,2727,437,5255,857,,2948,3164
2002,Muscat,No. of Teachers,,,1238,1673,393,1682,1631,3365,,,
2003,Muscat,No. of Teachers,,,1574,658,556,1537,2130,3050,,,
2004,Muscat,No. of Teachers,,,1818,1459,644,1477,2462,2936,,,
2005,Muscat,No. of Teachers,,,2247,1357,831,1425,3078,2782,,,
2006,Muscat,No. of Teachers,,,2603,1223,1121,1247,3724,2470,,,
2007,Muscat,No. of Teachers,,,2715,1307,1069,1322,3784,2629,,,
2008,Muscat,No. of Teachers,,,2968,1213,1364,1084,4332,2297,,,
2009,Muscat,No. of Teachers,,,3247,1122,1454,998,4701,2120,,,
2010,Muscat,No. of Teachers,,,3259,1120,1461,989,4720,2109,,,
2011,Muscat,No. of Teachers,,,3995,1136,1794,1040,5789,2176,,,
2012,Muscat,No. of Teachers,,,4144,1022,1638,922,5782,1944,,,
2013,Muscat,No. of Teachers,,,4922,487,1983,693,6905,1180,,,
2014,Muscat,No. of Teachers,,,5183,378,2134,528,7317,906,,,
2015,Muscat,No. of Teachers,,,5021,710,1971,628,6992,1338,,,
2002,Dhofar,No. of Teachers,,,660,810,223,817,883,2127,,,
2003,Dhofar,No. of Teachers,,,860,770,366,1297,1226,2067,,,
2004,Dhofar,No. of Teachers,,,1039,724,478,1308,1517,2032,,,
2005,Dhofar,No. of Teachers,,,1283,598,722,1221,2005,1819,,,
2006,Dhofar,No. of Teachers,,,1251,707,487,1493,1738,2310,,,
2007,Dhofar,No. of Teachers,,,1435,897,545,1395,1980,2292,,,
2008,Dhofar,No. of Teachers,,,1568,852,667,1271,2235,2123,,,
2009,Dhofar,No. of Teachers,,,1874,673,1080,898,2954,1571,,,
2010,Dhofar,No. of Teachers,,,1983,654,1220,820,3167,1474,,,
2011,Dhofar,No. of Teachers,,,2760,530,1518,745,4178,1275,,,
2012,Dhofar,No. of Teachers,,,2948,556,1481,741,4429,1297,,,
2013,Dhofar,No. of Teachers,,,3274,293,2127,294,5401,587,,,
2014,Dhofar,No. of Teachers,,,3645,60,2228,165,5873,225,,,
2015,Dhofar,No. of Teachers,,,3563,215,2184,198,5747,413,,,
2002,Musandam,No. of Teachers,,,127,95,68,103,195,198,,,
2003,Musandam,No. of Teachers,,,233,7,156,31,389,38,,,
2004,Musandam,No. of Teachers,,,248,19,177,38,407,57,,,
2005,Musandam,No. of Teachers,,,298,2,152,49,450,51,,,
2006,Musandam,No. of Teachers,,,246,67,92,120,338,187,,,
2007,Musandam,No. of Teachers,,,253,77,129,90,382,167,,,
2008,Musandam,No. of Teachers,,,253,78,149,83,402,161,,,
2009,Musandam,No. of Teachers,,,277,111,149,72,426,183,,,
2010,Musandam,No. of Teachers,,,265,107,148,79,413,186,,,
2011,Musandam,No. of Teachers,,,391,101,151,70,542,171,,,
2012,Musandam,No. of Teachers,,,461,113,185,75,646,188,,,
2013,Musandam,No. of Teachers,,,529,62,202,51,731,113,,,
2014,Musandam,No. of Teachers,,,521,72,208,52,729,124,,,
2015,Musandam,No. of Teachers,,,622,,233,28,855,28,,,
2002,Al Buraymi,No. of Teachers,,,,,,,,,,,
2003,Al Buraymi,No. of Teachers,,,,,,,,,,,
2004,Al Buraymi,No. of Teachers,,,,,,,,,,,
2005,Al Buraymi,No. of Teachers,,,,,,,,,,,
2006,Al Buraymi,No. of Teachers,,,491,105,259,112,750,217,,,
2007,Al Buraymi,No. of Teachers,,,524,117,281,124,805,241,,,
2008,Al Buraymi,No. of Teachers,,,544,107,276,124,820,231,,,
2009,Al Buraymi,No. of Teachers,,,592,121,294,127,886,248,,,
2010,Al Buraymi,No. of Teachers,,,594,124,282,113,876,237,,,
2011,Al Buraymi,No. of Teachers,,,655,142,303,134,958,276,,,
2012,Al Buraymi,No. of Teachers,,,764,157,314,131,1078,288,,,
2013,Al Buraymi,No. of Teachers,,,879,74,395,67,1274,141,,,
2014,Al Buraymi,No. of Teachers,,,928,73,417,64,1345,137,,,
2015,Al Buraymi,No. of Teachers,,,907,73,425,73,1332,146,,,
2002,Ad Dakhliyah,No. of Teachers,,,1414,1036,464,1366,1723,2502,,,
2003,Ad Dakhliyah,No. of Teachers,,,1557,1026,534,1211,2091,2382,,,
2004,Ad Dakhliyah,No. of Teachers,,,1792,983,700,1255,2492,2238,,,
2005,Ad Dakhliyah,No. of Teachers,,,2170,879,935,1170,3105,2049,,,
2006,Ad Dakhliyah,No. of Teachers,,,2592,739,1117,1077,3709,1816,,,
2007,Ad Dakhliyah,No. of Teachers,,,3144,449,1456,847,4600,1296,,,
2008,Ad Dakhliyah,No. of Teachers,,,3499,258,1818,495,5317,753,,,
2009,Ad Dakhliyah,No. of Teachers,,,3240,728,1370,906,4610,1634,,,
2010,Ad Dakhliyah,No. of Teachers,,,3360,741,1520,842,4880,1583,,,
2011,Ad Dakhliyah,No. of Teachers,,,4301,764,1648,865,5949,1629,,,
2012,Ad Dakhliyah,No. of Teachers,,,4358,726,1741,877,6099,1603,,,
2013,Ad Dakhliyah,No. of Teachers,,,4784,428,2343,343,7127,771,,,
2014,Ad Dakhliyah,No. of Teachers,,,4978,298,2345,333,7323,631,,,
2015,Ad Dakhliyah,No. of Teachers,,,4946,427,2268,413,7214,840,,,
2002,Al Batinah North,No. of Teachers,,,,,,,,,,,
2003,Al Batinah North,No. of Teachers,,,,,,,,,,,
2004,Al Batinah North,No. of Teachers,,,,,,,,,,,
2005,Al Batinah North,No. of Teachers,,,,,,,,,,,
2006,Al Batinah North,No. of Teachers,,,,,,,,,,,
2007,Al Batinah North,No. of Teachers,,,,,,,,,,,
2008,Al Batinah North,No. of Teachers,,,,,,,,,,,
2009,Al Batinah North,No. of Teachers,,,,,,,,,,,
2010,Al Batinah North,No. of Teachers,,,,,,,,,,,
2011,Al Batinah North,No. of Teachers,,,4639,1295,1997,1266,6636,2561,,,
2012,Al Batinah North,No. of Teachers,,,5035,1270,2169,1243,7204,2513,,,
2013,Al Batinah North,No. of Teachers,,,5781,748,2786,733,8567,1481,,,
2014,Al Batinah North,No. of Teachers,,,6060,612,3060,478,9120,1090,,,
2015,Al Batinah North,No. of Teachers,,,6074,790,2569,837,8643,1627,,,
2002,Al Batinah South,No. of Teachers,,,,,,,,,,,
2003,Al Batinah South,No. of Teachers,,,,,,,,,,,
2004,Al Batinah South,No. of Teachers,,,,,,,,,,,
2005,Al Batinah South,No. of Teachers,,,,,,,,,,,
2006,Al Batinah South,No. of Teachers,,,,,,,,,,,
2007,Al Batinah South,No. of Teachers,,,,,,,,,,,
2008,Al Batinah South,No. of Teachers,,,,,,,,,,,
2009,Al Batinah South,No. of Teachers,,,,,,,,,,,
2010,Al Batinah South,No. of Teachers,,,,,,,,,,,
2011,Al Batinah South,No. of Teachers,,,3516,885,1409,693,4925,1578,,,
2012,Al Batinah South,No. of Teachers,,,3361,812,1516,673,4877,1485,,,
2013,Al Batinah South,No. of Teachers,,,4080,266,2033,211,6113,477,,,
2014,Al Batinah South,No. of Teachers,,,4366,116,2061,180,6427,296,,,
2015,Al Batinah South,No. of Teachers,,,4330,276,1799,385,6129,661,,,
2002,Ash Sharqiyah South,No. of Teachers,,,,,,,,,,,
2003,Ash Sharqiyah South,No. of Teachers,,,,,,,,,,,
2004,Ash Sharqiyah South,No. of Teachers,,,,,,,,,,,
2005,Ash Sharqiyah South,No. of Teachers,,,,,,,,,,,
2006,Ash Sharqiyah South,No. of Teachers,,,,,,,,,,,
2007,Ash Sharqiyah South,No. of Teachers,,,,,,,,,,,
2008,Ash Sharqiyah South,No. of Teachers,,,,,,,,,,,
2009,Ash Sharqiyah South,No. of Teachers,,,,,,,,,,,
2010,Ash Sharqiyah South,No. of Teachers,,,,,,,,,,,
2011,Ash Sharqiyah South,No. of Teachers,,,978,496,2584,492,3509,988,,,
2012,Ash Sharqiyah South,No. of Teachers,,,2554,485,1049,503,3603,988,,,
2013,Ash Sharqiyah South,No. of Teachers,,,2963,234,1411,277,4374,511,,,
2014,Ash Sharqiyah South,No. of Teachers,,,3158,190,1387,269,4545,459,,,
2015,Ash Sharqiyah South,No. of Teachers,,,2844,132,1346,154,4190,286,,,
2002,Ash Sharqiyah North,No. of Teachers,,,,,,,,,,,
2003,Ash Sharqiyah North,No. of Teachers,,,,,,,,,,,
2004,Ash Sharqiyah North,No. of Teachers,,,,,,,,,,,
2005,Ash Sharqiyah North,No. of Teachers,,,,,,,,,,,
2006,Ash Sharqiyah North,No. of Teachers,,,,,,,,,,,
2007,Ash Sharqiyah North,No. of Teachers,,,,,,,,,,,
2008,Ash Sharqiyah North,No. of Teachers,,,,,,,,,,,
2009,Ash Sharqiyah North,No. of Teachers,,,,,,,,,,,
2010,Ash Sharqiyah North,No. of Teachers,,,,,,,,,,,
2011,Ash Sharqiyah North,No. of Teachers,,,2296,591,696,707,2992,1298,,,
2012,Ash Sharqiyah North,No. of Teachers,,,2373,501,776,669,3149,1170,,,
2013,Ash Sharqiyah North,No. of Teachers,,,2546,419,1320,251,3893,670,,,
2014,Ash Sharqiyah North,No. of Teachers,,,2847,137,1339,214,4186,351,,,
2015,Ash Sharqiyah North,No. of Teachers,,,3175,216,1407,238,4582,454,,,
2002,Adh Dhahirah,No. of Teachers,,,791,839,359,887,1150,1726,,,
2003,Adh Dhahirah,No. of Teachers,,,955,799,435,1636,1395,1705,,,
2004,Adh Dhahirah,No. of Teachers,,,1183,746,581,831,1764,1577,,,
2005,Adh Dhahirah,No. of Teachers,,,1521,597,764,765,2285,1362,,,
2006,Adh Dhahirah,No. of Teachers,,,1002,682,368,862,1370,1544,,,
2007,Adh Dhahirah,No. of Teachers,,,1072,694,424,805,1496,1499,,,
2008,Adh Dhahirah,No. of Teachers,,,1150,669,511,718,1661,1387,,,
2009,Adh Dhahirah,No. of Teachers,,,1409,609,632,582,2041,1191,,,
2010,Adh Dhahirah,No. of Teachers,,,1404,598,623,569,2027,1167,,,
2011,Adh Dhahirah,No. of Teachers,,,1554,584,675,551,2229,1135,,,
2012,Adh Dhahirah,No. of Teachers,,,1912,607,768,532,2602,1139,,,
2013,Adh Dhahirah,No. of Teachers,,,2427,90,1208,142,3635,232,,,
2014,Adh Dhahirah,No. of Teachers,,,2433,137,1280,94,3713,231,,,
2015,Adh Dhahirah,No. of Teachers,,,2461,138,1202,151,3663,289,,,
2002,Al Wusta,No. of Teachers,,,26,47,80,193,106,240,,,
2003,Al Wusta,No. of Teachers,,,42,73,128,56,170,239,,,
2004,Al Wusta,No. of Teachers,,,785,75,348,177,211,252,,,
2005,Al Wusta,No. of Teachers,,,144,29,248,178,392,207,,,
2006,Al Wusta,No. of Teachers,,,102,46,287,179,425,225,,,
2007,Al Wusta,No. of Teachers,,,226,39,291,126,517,165,,,
2008,Al Wusta,No. of Teachers,,,238,42,304,149,542,191,,,
2009,Al Wusta,No. of Teachers,,,325,18,424,73,749,91,,,
2010,Al Wusta,No. of Teachers,,,283,41,389,89,675,130,,,
2011,Al Wusta,No. of Teachers,,,507,15,436,59,943,74,,,
2012,Al Wusta,No. of Teachers,,,559,32,479,41,1038,73,,,
2013,Al Wusta,No. of Teachers,,,646,,514,,1160,,,,
2014,Al Wusta,No. of Teachers,,,658,,525,,1183,,,,
2015,Al Wusta,No. of Teachers,,,661,,496,,1157,,,,
